original_relpath,preview_relpath,orig_w,orig_h,orig_size_kb,prev_w,prev_h,prev_size_kb,saved_pct,status
works\photograph_and_videos.jpg,works\preview\photograph_and_videos.webp,2275,1279,354.5,1200,675,66.5,81.24,SKIPPED_UP_TO_DATE
works\paintings.jpg,works\preview\paintings.webp,3530,1869,2856.1,2000,1059,281.18,90.16,SKIPPED_UP_TO_DATE
installations-2026\weishan-memory-ⅰ\main-1.png,installations-2026\weishan-memory-ⅰ\preview\main-1.webp,2563,1680,4596.9,1600,1049,98.72,97.85,SKIPPED_UP_TO_DATE
works\workshops.jpg,works\preview\workshops.webp,3512,3512,3054.46,2000,2000,300.78,90.15,SKIPPED_UP_TO_DATE
installations-2026\weishan-memory-ⅰ\part-4.jpg,installations-2026\weishan-memory-ⅰ\preview\part-4.webp,4032,3024,4868.47,2000,1500,203.52,95.82,SKIPPED_UP_TO_DATE
installations-2026\weishan-memory-ⅱ\main-1.jpg,installations-2026\weishan-memory-ⅱ\preview\main-1.webp,2692,4264,1858.18,1263,2000,333.9,82.03,SKIPPED_UP_TO_DATE
installations-2026\weishan-memory-ⅰ\part-3.jpg,installations-2026\weishan-memory-ⅰ\preview\part-3.webp,1280,960,90.45,800,600,27.38,69.73,SKIPPED_UP_TO_DATE
works\installations.jpg,works\preview\installations.webp,4032,3024,2611.75,2000,1500,260.36,90.03,SKIPPED_UP_TO_DATE
installations-2026\weishan-memory-ⅰ\part-1.jpg,installations-2026\weishan-memory-ⅰ\preview\part-1.webp,3024,4032,1933.67,1500,2000,164.84,91.48,SKIPPED_UP_TO_DATE
installations-2026\weishan-memory-ⅱ\part-1.jpg,installations-2026\weishan-memory-ⅱ\preview\part-1.webp,2172,3320,689.46,1308,2000,129.06,81.28,SKIPPED_UP_TO_DATE
installations-2026\weishan-memory-ⅰ\part-2.jpg,installations-2026\weishan-memory-ⅰ\preview\part-2.webp,4032,3024,2643.43,2000,1500,159.08,93.98,SKIPPED_UP_TO_DATE
installations-2026\weishan-memory-ⅱ\part-2.jpg,installations-2026\weishan-memory-ⅱ\preview\part-2.webp,2105,3771,712.86,1116,2000,90.24,87.34,SKIPPED_UP_TO_DATE
installations-2026\weishan-memory-ⅱ\part-3.jpg,installations-2026\weishan-memory-ⅱ\preview\part-3.webp,2152,3347,426.27,1286,2000,42.99,89.91,SKIPPED_UP_TO_DATE
installations-2026\weishan-memory-ⅱ\part-5.jpg,installations-2026\weishan-memory-ⅱ\preview\part-5.webp,2152,2889,800.56,1192,1600,91.92,88.52,SKIPPED_UP_TO_DATE
installations-2026\weishan-memory-ⅱ\part-4.jpg,installations-2026\weishan-memory-ⅱ\preview\part-4.webp,2192,3612,694.64,1214,2000,85.74,87.66,SKIPPED_UP_TO_DATE
installations-2026\god-of-happiness\main-1.jpg,installations-2026\god-of-happiness\preview\main-1.webp,2396,3013,2124.09,1272,1600,388.25,81.72,SKIPPED_UP_TO_DATE
installations-2026\god-of-happiness\part-4.jpg,installations-2026\god-of-happiness\preview\part-4.webp,4032,3024,4495.14,2000,1500,316.29,92.96,SKIPPED_UP_TO_DATE
installations-2026\god-of-happiness\part-3.jpg,installations-2026\god-of-happiness\preview\part-3.webp,3024,4032,3021.58,1500,2000,187.09,93.81,SKIPPED_UP_TO_DATE
installations-2026\god-of-happiness\part-1.jpg,installations-2026\god-of-happiness\preview\part-1.webp,2304,4096,3243.89,1125,2000,238.49,92.65,SKIPPED_UP_TO_DATE
installations-2026\covers\god-of-happiness.jpg,installations-2026\covers\preview\god-of-happiness.webp,2396,3013,2124.09,1272,1600,388.25,81.72,SKIPPED_UP_TO_DATE
installations-2026\god-of-happiness\part-2.jpg,installations-2026\god-of-happiness\preview\part-2.webp,2304,4096,4045.04,1125,2000,235.71,94.17,SKIPPED_UP_TO_DATE
installations-2026\covers\weishan-memory-ⅰ.png,installations-2026\covers\preview\weishan-memory-ⅰ.webp,2563,1680,4596.9,1600,1049,98.72,97.85,SKIPPED_UP_TO_DATE
installations-2026\covers\weishan-memory-ⅱ.jpg,installations-2026\covers\preview\weishan-memory-ⅱ.webp,2692,4264,1858.18,1263,2000,333.9,82.03,SKIPPED_UP_TO_DATE
installations-2025\covers\memory-nearby-huzhou.jpg,installations-2025\covers\preview\memory-nearby-huzhou.webp,1280,1707,228.89,900,1200,89.7,60.81,SKIPPED_UP_TO_DATE
installations-2025\covers\new-narrative-of-foshan.png,installations-2025\covers\preview\new-narrative-of-foshan.webp,4511,3944,16562.54,2000,1749,182.6,98.9,SKIPPED_UP_TO_DATE
installations-2026\god-of-happiness\part-5.jpg,installations-2026\god-of-happiness\preview\part-5.webp,4096,2304,5302.79,2000,1125,306.65,94.22,SKIPPED_UP_TO_DATE
installations-2026\god-of-happiness\part-6.jpg,installations-2026\god-of-happiness\preview\part-6.webp,4096,2304,5120.79,2000,1125,159.49,96.89,SKIPPED_UP_TO_DATE
installations-2025\covers\memory-nearby-chengdu.jpg,installations-2025\covers\preview\memory-nearby-chengdu.webp,4032,3024,2611.75,2000,1500,260.36,90.03,SKIPPED_UP_TO_DATE
installations-2025\new-narrative-of-foshan\main-1.png,installations-2025\new-narrative-of-foshan\preview\main-1.webp,4511,3944,16562.54,2000,1749,182.6,98.9,SKIPPED_UP_TO_DATE
installations-2025\new-narrative-of-foshan\part-2.jpg,installations-2025\new-narrative-of-foshan\preview\part-2.webp,3944,4154,1287.83,1899,2000,223.2,82.67,SKIPPED_UP_TO_DATE
installations-2025\new-narrative-of-foshan\part-1.png,installations-2025\new-narrative-of-foshan\preview\part-1.webp,4724,4724,65396.73,2000,2000,220.95,99.66,SKIPPED_UP_TO_DATE
installations-2025\new-narrative-of-foshan\part-3.png,installations-2025\new-narrative-of-foshan\preview\part-3.webp,7008,3944,25489.47,2000,1126,100.32,99.61,SKIPPED_UP_TO_DATE
installations-2025\covers\spirit-dwelling.jpg,installations-2025\covers\preview\spirit-dwelling.webp,2871,3739,2708.82,1536,2000,297.38,89.02,SKIPPED_UP_TO_DATE
installations-2025\new-narrative-of-foshan\part-4.png,installations-2025\new-narrative-of-foshan\preview\part-4.webp,7008,3944,23401.86,2000,1126,81.82,99.65,SKIPPED_UP_TO_DATE
installations-2025\new-narrative-of-foshan\part-5.png,installations-2025\new-narrative-of-foshan\preview\part-5.webp,7008,3944,26772.91,2000,1126,99.44,99.63,SKIPPED_UP_TO_DATE
installations-2025\new-narrative-of-foshan\part-6.png,installations-2025\new-narrative-of-foshan\preview\part-6.webp,1050,946,980.24,800,721,37.41,96.18,SKIPPED_UP_TO_DATE
installations-2025\new-narrative-of-foshan\part-7.jpg,installations-2025\new-narrative-of-foshan\preview\part-7.webp,5568,3944,1690.3,2000,1417,153.04,90.95,SKIPPED_UP_TO_DATE
paintings-2026\becoming-mountain\main-1.jpg,paintings-2026\becoming-mountain\preview\main-1.webp,2669,4189,5284.79,1274,2000,509.72,90.35,SKIPPED_UP_TO_DATE
installations-2025\spirit-dwelling\main-1.jpg,installations-2025\spirit-dwelling\preview\main-1.webp,2871,3739,2708.82,1536,2000,297.38,89.02,SKIPPED_UP_TO_DATE
installations-2025\spirit-dwelling\part-4.jpg,installations-2025\spirit-dwelling\preview\part-4.webp,3024,4032,2379.12,1500,2000,328.93,86.17,SKIPPED_UP_TO_DATE
installations-2025\spirit-dwelling\part-2.jpg,installations-2025\spirit-dwelling\preview\part-2.webp,3024,4032,2593.41,1500,2000,379.92,85.35,SKIPPED_UP_TO_DATE
installations-2025\spirit-dwelling\part-1.jpg,installations-2025\spirit-dwelling\preview\part-1.webp,3024,4032,5000.72,1500,2000,636.72,87.27,SKIPPED_UP_TO_DATE
installations-2025\spirit-dwelling\part-3.jpg,installations-2025\spirit-dwelling\preview\part-3.webp,3024,4032,2542.13,1500,2000,369.46,85.47,SKIPPED_UP_TO_DATE
installations-2025\spirit-dwelling\part-5.jpg,installations-2025\spirit-dwelling\preview\part-5.webp,3024,4032,3090.33,1500,2000,437.64,85.84,SKIPPED_UP_TO_DATE
installations-2025\spirit-dwelling\part-6.jpg,installations-2025\spirit-dwelling\preview\part-6.webp,2966,3954,3131.21,1500,2000,335.63,89.28,SKIPPED_UP_TO_DATE
paintings-2026\covers\becoming-mountain.jpg,paintings-2026\covers\preview\becoming-mountain.webp,2669,4189,5284.79,1274,2000,509.72,90.35,SKIPPED_UP_TO_DATE
installations-2025\spirit-dwelling\part-7.jpg,installations-2025\spirit-dwelling\preview\part-7.webp,3024,4032,4021.89,1500,2000,518.05,87.12,SKIPPED_UP_TO_DATE
installations-2025\spirit-dwelling\part-8.jpg,installations-2025\spirit-dwelling\preview\part-8.webp,3024,4032,3300,1500,2000,363.92,88.97,SKIPPED_UP_TO_DATE
paintings-2026\covers\the-mountain-of-spirits.jpg,paintings-2026\covers\preview\the-mountain-of-spirits.webp,5446,4029,12316.07,2000,1480,397.75,96.77,SKIPPED_UP_TO_DATE
paintings-2026\covers\tree-pulse.jpg,paintings-2026\covers\preview\tree-pulse.webp,2544,3217,3136.8,1582,2000,302.02,90.37,SKIPPED_UP_TO_DATE
paintings-2026\covers\world-tree.jpg,paintings-2026\covers\preview\world-tree.webp,2264,3923,4062.8,1154,2000,395.29,90.27,SKIPPED_UP_TO_DATE
paintings-2026\tree-pulse\main-1.jpg,paintings-2026\tree-pulse\preview\main-1.webp,2544,3217,3136.8,1582,2000,302.02,90.37,SKIPPED_UP_TO_DATE
paintings-2026\worlding\main-1.jpg,paintings-2026\worlding\preview\main-1.webp,3530,1869,2856.1,2000,1059,281.18,90.16,SKIPPED_UP_TO_DATE
paintings-2026\covers\worlding.jpg,paintings-2026\covers\preview\worlding.webp,3530,1869,2856.1,2000,1059,281.18,90.16,SKIPPED_UP_TO_DATE
installations-2025\spirit-dwelling\part-9.jpg,installations-2025\spirit-dwelling\preview\part-9.webp,3024,4032,3621.35,1500,2000,551.62,84.77,SKIPPED_UP_TO_DATE
paintings-2026\world-tree\main-1.jpg,paintings-2026\world-tree\preview\main-1.webp,2264,3923,4062.8,1154,2000,395.29,90.27,SKIPPED_UP_TO_DATE
paintings-2026\the-mountain-of-spirits\main-1.jpg,paintings-2026\the-mountain-of-spirits\preview\main-1.webp,5446,4029,12316.07,2000,1480,397.75,96.77,SKIPPED_UP_TO_DATE
paintings-2024\collaged-love\main-1.png,paintings-2024\collaged-love\preview\main-1.webp,2900,2092,8204.18,1600,1154,405.7,95.05,SKIPPED_UP_TO_DATE
paintings-2024\covers\collaged-love.png,paintings-2024\covers\preview\collaged-love.webp,2900,2092,8204.18,1600,1154,405.7,95.05,SKIPPED_UP_TO_DATE
paintings-2024\bapo-shanshui\main-1.jpg,paintings-2024\bapo-shanshui\preview\main-1.webp,4124,3043,5707.02,2000,1476,202.41,96.45,SKIPPED_UP_TO_DATE
paintings-2024\covers\bapo-shanshui.jpg,paintings-2024\covers\preview\bapo-shanshui.webp,4124,3043,5707.02,2000,1476,202.41,96.45,SKIPPED_UP_TO_DATE
paintings-2024\covers\fragments-of-memory.png,paintings-2024\covers\preview\fragments-of-memory.webp,2094,172,880.47,1047,86,29.27,96.68,SKIPPED_UP_TO_DATE
paintings-2024\covers\verdant-heaven.jpg,paintings-2024\covers\preview\verdant-heaven.webp,3885,5570,4904.61,1395,2000,517.68,89.45,SKIPPED_UP_TO_DATE
paintings-2024\covers\sacred-sapling.jpg,paintings-2024\covers\preview\sacred-sapling.webp,1094,1109,979.24,789,800,143.98,85.3,SKIPPED_UP_TO_DATE
paintings-2024\sacred-sapling\main-1.jpg,paintings-2024\sacred-sapling\preview\main-1.webp,1094,1109,979.24,789,800,143.98,85.3,SKIPPED_UP_TO_DATE
paintings-2024\fragments-of-memory\part-10.jpg,paintings-2024\fragments-of-memory\preview\part-10.webp,532,812,72.46,,,,,SKIPPED_TOO_SMALL
paintings-2024\fragments-of-memory\main-1.png,paintings-2024\fragments-of-memory\preview\main-1.webp,2094,172,880.47,1047,86,29.27,96.68,SKIPPED_UP_TO_DATE
paintings-2024\fragments-of-memory\part-11.jpg,paintings-2024\fragments-of-memory\preview\part-11.webp,2272,1664,393.83,1200,879,117.17,70.25,SKIPPED_UP_TO_DATE
paintings-2024\fragments-of-memory\part-1.jpg,paintings-2024\fragments-of-memory\preview\part-1.webp,3666,2004,1997.53,2000,1093,185.71,90.7,SKIPPED_UP_TO_DATE
paintings-2024\fragments-of-memory\part-2.jpg,paintings-2024\fragments-of-memory\preview\part-2.webp,1372,2094,839.16,786,1200,84.07,89.98,SKIPPED_UP_TO_DATE
paintings-2024\fragments-of-memory\part-4.jpg,paintings-2024\fragments-of-memory\preview\part-4.webp,2494,3360,3623.9,1485,2000,295.17,91.85,SKIPPED_UP_TO_DATE
paintings-2024\fragments-of-memory\part-3.jpg,paintings-2024\fragments-of-memory\preview\part-3.webp,2812,2212,741.42,1600,1259,215.81,70.89,SKIPPED_UP_TO_DATE
paintings-2024\fragments-of-memory\part-5.jpg,paintings-2024\fragments-of-memory\preview\part-5.webp,3000,2356,796.88,1600,1257,208.67,73.81,SKIPPED_UP_TO_DATE
paintings-2024\fragments-of-memory\part-6.jpg,paintings-2024\fragments-of-memory\preview\part-6.webp,1596,2540,577.06,1005,1600,208.95,63.79,SKIPPED_UP_TO_DATE
paintings-2024\fragments-of-memory\part-7.jpg,paintings-2024\fragments-of-memory\preview\part-7.webp,2956,2264,1036.08,1600,1225,332.84,67.87,SKIPPED_UP_TO_DATE
paintings-2024\fragments-of-memory\part-8.jpg,paintings-2024\fragments-of-memory\preview\part-8.webp,1388,2300,960.83,724,1200,129.54,86.52,SKIPPED_UP_TO_DATE
paintings-2024\covers\non-dualism.jpg,paintings-2024\covers\preview\non-dualism.webp,7008,4672,12169.71,2000,1333,270.14,97.78,SKIPPED_UP_TO_DATE
paintings-2024\verdant-heaven\main-1.jpg,paintings-2024\verdant-heaven\preview\main-1.webp,3885,5570,4904.61,1395,2000,517.68,89.45,SKIPPED_UP_TO_DATE
photograph-videos-2026\covers\a-wedding-within-shan-shui.png,photograph-videos-2026\covers\preview\a-wedding-within-shan-shui.webp,1626,743,1527,1200,548,51.44,96.63,SKIPPED_UP_TO_DATE
paintings-2024\fragments-of-memory\part-9.jpg,paintings-2024\fragments-of-memory\preview\part-9.webp,1140,820,121.11,800,575,48.75,59.75,SKIPPED_UP_TO_DATE
photograph-videos-2026\covers\animism.jpg,photograph-videos-2026\covers\preview\animism.webp,7680,4320,6289.53,2000,1125,279.32,95.56,SKIPPED_UP_TO_DATE
photograph-videos-2026\covers\embodied-memories-of-weishan.jpg,photograph-videos-2026\covers\preview\embodied-memories-of-weishan.webp,2275,1279,354.5,1200,675,66.5,81.24,SKIPPED_UP_TO_DATE
photograph-videos-2026\photograph\animism-1.jpg,photograph-videos-2026\photograph\preview\animism-1.webp,3840,2160,1039.56,2000,1125,104.54,89.94,SKIPPED_UP_TO_DATE
paintings-2024\non-dualism\main-1.jpg,paintings-2024\non-dualism\preview\main-1.webp,7008,4672,12169.71,2000,1333,270.14,97.78,SKIPPED_UP_TO_DATE
photograph-videos-2026\photograph\animism-10.jpg,photograph-videos-2026\photograph\preview\animism-10.webp,7680,4320,8193.49,2000,1125,331.15,95.96,SKIPPED_UP_TO_DATE
photograph-videos-2026\photograph\animism-11.jpg,photograph-videos-2026\photograph\preview\animism-11.webp,7680,4320,5787.57,2000,1125,218.71,96.22,SKIPPED_UP_TO_DATE
photograph-videos-2026\photograph\animism-12.jpg,photograph-videos-2026\photograph\preview\animism-12.webp,7680,4320,5917.95,2000,1125,145.89,97.53,SKIPPED_UP_TO_DATE
photograph-videos-2026\photograph\animism-13.jpg,photograph-videos-2026\photograph\preview\animism-13.webp,7680,4320,9705.89,2000,1125,405.2,95.83,SKIPPED_UP_TO_DATE
photograph-videos-2026\photograph\animism-14.jpg,photograph-videos-2026\photograph\preview\animism-14.webp,7680,4320,7575.87,2000,1125,261.02,96.55,SKIPPED_UP_TO_DATE
photograph-videos-2026\photograph\animism-16.jpg,photograph-videos-2026\photograph\preview\animism-16.webp,7680,4320,5523.53,2000,1125,200.83,96.36,SKIPPED_UP_TO_DATE
photograph-videos-2026\photograph\animism-15.jpg,photograph-videos-2026\photograph\preview\animism-15.webp,7680,4320,4799.77,2000,1125,148.17,96.91,SKIPPED_UP_TO_DATE
photograph-videos-2026\photograph\animism-17.jpg,photograph-videos-2026\photograph\preview\animism-17.webp,7680,4320,6289.53,2000,1125,279.32,95.56,SKIPPED_UP_TO_DATE
photograph-videos-2026\photograph\animism-19.jpg,photograph-videos-2026\photograph\preview\animism-19.webp,7680,4320,11300.78,2000,1125,552.47,95.11,SKIPPED_UP_TO_DATE
photograph-videos-2026\photograph\animism-18.jpg,photograph-videos-2026\photograph\preview\animism-18.webp,7680,4320,5635.12,2000,1125,237.26,95.79,SKIPPED_UP_TO_DATE
photograph-videos-2026\photograph\animism-20.jpg,photograph-videos-2026\photograph\preview\animism-20.webp,7680,4320,8032.27,2000,1125,426.92,94.68,SKIPPED_UP_TO_DATE
photograph-videos-2026\photograph\animism-21.jpg,photograph-videos-2026\photograph\preview\animism-21.webp,7680,4320,10627.93,2000,1125,381.11,96.41,SKIPPED_UP_TO_DATE
photograph-videos-2026\photograph\animism-2.jpg,photograph-videos-2026\photograph\preview\animism-2.webp,3840,2160,894.19,2000,1125,15.12,98.31,SKIPPED_UP_TO_DATE
photograph-videos-2026\photograph\animism-22.jpg,photograph-videos-2026\photograph\preview\animism-22.webp,7680,4320,9593.54,2000,1125,328.12,96.58,SKIPPED_UP_TO_DATE
photograph-videos-2026\photograph\animism-23.jpg,photograph-videos-2026\photograph\preview\animism-23.webp,3840,2160,1403.88,2000,1125,195.02,86.11,SKIPPED_UP_TO_DATE
photograph-videos-2026\photograph\animism-24.jpg,photograph-videos-2026\photograph\preview\animism-24.webp,3840,2160,1800.39,2000,1125,174.21,90.32,SKIPPED_UP_TO_DATE
photograph-videos-2026\photograph\animism-3.jpg,photograph-videos-2026\photograph\preview\animism-3.webp,7680,4320,11634.83,2000,1125,504.59,95.66,SKIPPED_UP_TO_DATE
photograph-videos-2026\photograph\animism-5.jpg,photograph-videos-2026\photograph\preview\animism-5.webp,7680,4320,13057.48,2000,1125,706.84,94.59,SKIPPED_UP_TO_DATE
photograph-videos-2026\photograph\animism-4.jpg,photograph-videos-2026\photograph\preview\animism-4.webp,7680,4320,7959.94,2000,1125,326.48,95.9,SKIPPED_UP_TO_DATE
photograph-videos-2026\photograph\animism-6.jpg,photograph-videos-2026\photograph\preview\animism-6.webp,7680,4320,10450.71,2000,1125,449.29,95.7,SKIPPED_UP_TO_DATE
photograph-videos-2026\photograph\animism-7.jpg,photograph-videos-2026\photograph\preview\animism-7.webp,7680,4320,8109.97,2000,1125,329.41,95.94,SKIPPED_UP_TO_DATE
photograph-videos-2026\photograph\animism-8.jpg,photograph-videos-2026\photograph\preview\animism-8.webp,7680,4320,8120.16,2000,1125,324.96,96,SKIPPED_UP_TO_DATE
photograph-videos-2026\photograph\animism-9.jpg,photograph-videos-2026\photograph\preview\animism-9.webp,7680,4320,7548.89,2000,1125,368.55,95.12,SKIPPED_UP_TO_DATE
photograph-videos-2026\video\a-wedding-within-shan-shui.png,photograph-videos-2026\video\preview\a-wedding-within-shan-shui.webp,1626,743,1527,1200,548,51.44,96.63,SKIPPED_UP_TO_DATE
photograph-videos-2026\video\embodied-memories-of-weishan.jpg,photograph-videos-2026\video\preview\embodied-memories-of-weishan.webp,2275,1279,354.5,1200,675,66.5,81.24,SKIPPED_UP_TO_DATE
paintings-2025\becoming-human\main-1.jpg,paintings-2025\becoming-human\preview\main-1.webp,2441,2422,2624.4,1600,1588,106.9,95.93,SKIPPED_UP_TO_DATE
paintings-2025\becoming-human\main-3.jpg,paintings-2025\becoming-human\preview\main-3.webp,2647,2617,2983.34,1600,1582,80.69,97.3,SKIPPED_UP_TO_DATE
paintings-2025\becoming-human\main-2.jpg,paintings-2025\becoming-human\preview\main-2.webp,2186,2328,2300.05,1127,1200,62.22,97.29,SKIPPED_UP_TO_DATE
paintings-2025\becoming-human\part-1.jpg,paintings-2025\becoming-human\preview\part-1.webp,2946,2506,3457.38,1600,1361,134.86,96.1,SKIPPED_UP_TO_DATE
paintings-2025\becoming-human\part-11.jpg,paintings-2025\becoming-human\preview\part-11.webp,4032,3024,2817.8,2000,1500,212.5,92.46,SKIPPED_UP_TO_DATE
paintings-2025\becoming-human\part-10.jpg,paintings-2025\becoming-human\preview\part-10.webp,4032,3024,2890.01,2000,1500,223.57,92.26,SKIPPED_UP_TO_DATE
paintings-2025\becoming-human\part-12.jpg,paintings-2025\becoming-human\preview\part-12.webp,4032,3024,3065.98,2000,1500,231.75,92.44,SKIPPED_UP_TO_DATE
paintings-2025\becoming-human\part-2.jpg,paintings-2025\becoming-human\preview\part-2.webp,4032,3024,2837.56,2000,1500,210.99,92.56,SKIPPED_UP_TO_DATE
paintings-2025\becoming-human\part-3.jpg,paintings-2025\becoming-human\preview\part-3.webp,4032,3024,2424.39,2000,1500,118.94,95.09,SKIPPED_UP_TO_DATE
paintings-2025\becoming-human\part-4.jpg,paintings-2025\becoming-human\preview\part-4.webp,2947,3683,2322.94,1600,2000,172.39,92.58,SKIPPED_UP_TO_DATE
paintings-2025\becoming-human\part-5.jpg,paintings-2025\becoming-human\preview\part-5.webp,2846,2579,3855.42,1600,1450,250.45,93.5,SKIPPED_UP_TO_DATE
paintings-2025\becoming-human\part-6.jpg,paintings-2025\becoming-human\preview\part-6.webp,4032,3024,2725.62,2000,1500,182.76,93.29,SKIPPED_UP_TO_DATE
paintings-2025\becoming-human\part-7.jpg,paintings-2025\becoming-human\preview\part-7.webp,4032,3024,2753.32,2000,1500,175.25,93.63,SKIPPED_UP_TO_DATE
paintings-2025\becoming-human\part-8.jpg,paintings-2025\becoming-human\preview\part-8.webp,3200,2653,4961.11,1600,1327,257.17,94.82,SKIPPED_UP_TO_DATE
paintings-2025\becoming-human\part-9.jpg,paintings-2025\becoming-human\preview\part-9.webp,4032,3024,2748.07,2000,1500,192.89,92.98,SKIPPED_UP_TO_DATE
paintings-2025\covers\becoming-human.jpg,paintings-2025\covers\preview\becoming-human.webp,2186,2328,2300.05,1127,1200,62.22,97.29,SKIPPED_UP_TO_DATE
paintings-2025\covers\maternity-myth.png,paintings-2025\covers\preview\maternity-myth.webp,4378,3624,46492.81,2000,1656,335.48,99.28,SKIPPED_UP_TO_DATE
paintings-2025\covers\a-joke-on-fragmented-shan-shui.jpg,paintings-2025\covers\preview\a-joke-on-fragmented-shan-shui.webp,5482,5304,6936.39,2000,1935,238.58,96.56,SKIPPED_UP_TO_DATE
paintings-2025\covers\rock-and-tree-ⅰ.png,paintings-2025\covers\preview\rock-and-tree-ⅰ.webp,3664,3624,38910.98,2000,1978,453.99,98.83,SKIPPED_UP_TO_DATE
paintings-2025\covers\floating.jpg,paintings-2025\covers\preview\floating.webp,4384,6335,9340.3,1384,2000,278.12,97.02,SKIPPED_UP_TO_DATE
paintings-2025\covers\rock-and-tree-ⅱ.png,paintings-2025\covers\preview\rock-and-tree-ⅱ.webp,3897,3880,44308.61,2000,1991,269.15,99.39,SKIPPED_UP_TO_DATE
paintings-2025\covers\sinking.jpg,paintings-2025\covers\preview\sinking.webp,6295,5126,16005.38,2000,1629,285.47,98.22,SKIPPED_UP_TO_DATE
paintings-2025\covers\tree-spirit.jpg,paintings-2025\covers\preview\tree-spirit.webp,4911,6589,17545.93,1491,2000,215.84,98.77,SKIPPED_UP_TO_DATE
paintings-2025\a-joke-on-fragmented-shan-shui\part-1.jpg,paintings-2025\a-joke-on-fragmented-shan-shui\preview\part-1.webp,5217,5088,5055.33,2000,1951,147.09,97.09,SKIPPED_UP_TO_DATE
paintings-2025\covers\wildmans-paradise.jpg,paintings-2025\covers\preview\wildmans-paradise.webp,1304,1656,1416.57,945,1200,188.77,86.67,SKIPPED_UP_TO_DATE
paintings-2025\a-joke-on-fragmented-shan-shui\part-10.jpg,paintings-2025\a-joke-on-fragmented-shan-shui\preview\part-10.webp,5482,5304,6936.39,2000,1935,238.58,96.56,SKIPPED_UP_TO_DATE
paintings-2025\a-joke-on-fragmented-shan-shui\part-3.jpg,paintings-2025\a-joke-on-fragmented-shan-shui\preview\part-3.webp,4834,4656,5524.22,2000,1926,219.78,96.02,SKIPPED_UP_TO_DATE
paintings-2025\a-joke-on-fragmented-shan-shui\part-2.jpg,paintings-2025\a-joke-on-fragmented-shan-shui\preview\part-2.webp,5169,5088,6612.51,2000,1969,233.45,96.47,SKIPPED_UP_TO_DATE
paintings-2025\a-joke-on-fragmented-shan-shui\part-6.jpg,paintings-2025\a-joke-on-fragmented-shan-shui\preview\part-6.webp,5554,5208,7518.8,2000,1875,249.74,96.68,SKIPPED_UP_TO_DATE
paintings-2025\a-joke-on-fragmented-shan-shui\part-4.jpg,paintings-2025\a-joke-on-fragmented-shan-shui\preview\part-4.webp,5050,4992,6545.28,2000,1977,263.75,95.97,SKIPPED_UP_TO_DATE
paintings-2025\a-joke-on-fragmented-shan-shui\part-5.jpg,paintings-2025\a-joke-on-fragmented-shan-shui\preview\part-5.webp,4882,4704,5903.52,2000,1927,249.78,95.77,SKIPPED_UP_TO_DATE
paintings-2025\a-joke-on-fragmented-shan-shui\part-7.jpg,paintings-2025\a-joke-on-fragmented-shan-shui\preview\part-7.webp,5170,5064,8559.48,2000,1959,445.82,94.79,SKIPPED_UP_TO_DATE
paintings-2025\maternity-myth\main-1.png,paintings-2025\maternity-myth\preview\main-1.webp,4378,3624,46492.81,2000,1656,335.48,99.28,SKIPPED_UP_TO_DATE
paintings-2025\a-joke-on-fragmented-shan-shui\part-8.jpg,paintings-2025\a-joke-on-fragmented-shan-shui\preview\part-8.webp,5194,5136,4216.77,2000,1978,90.88,97.84,SKIPPED_UP_TO_DATE
paintings-2025\rock-and-tree-ⅱ\main-1.png,paintings-2025\rock-and-tree-ⅱ\preview\main-1.webp,3897,3880,44308.61,2000,1991,269.15,99.39,SKIPPED_UP_TO_DATE
paintings-2025\rock-and-tree-ⅰ\main-1.png,paintings-2025\rock-and-tree-ⅰ\preview\main-1.webp,3664,3624,38910.98,2000,1978,453.99,98.83,SKIPPED_UP_TO_DATE
paintings-2025\a-joke-on-fragmented-shan-shui\part-9.jpg,paintings-2025\a-joke-on-fragmented-shan-shui\preview\part-9.webp,5530,5304,6260.76,2000,1918,195.57,96.88,SKIPPED_UP_TO_DATE
paintings-2025\floating\main-1.jpg,paintings-2025\floating\preview\main-1.webp,4384,6335,9340.3,1384,2000,278.12,97.02,SKIPPED_UP_TO_DATE
paintings-2025\tree-spirit\main-1.png,paintings-2025\tree-spirit\preview\main-1.webp,3250,1463,7867.56,2000,900,470.03,94.03,SKIPPED_UP_TO_DATE
paintings-2025\sinking\main-1.jpg,paintings-2025\sinking\preview\main-1.webp,6295,5126,16005.38,2000,1629,285.47,98.22,SKIPPED_UP_TO_DATE
paintings-2025\sinking\sinking.jpg,paintings-2025\sinking\preview\sinking.webp,6295,5126,16005.38,2000,1629,285.47,98.22,SKIPPED_UP_TO_DATE
paintings-2025\tree-spirit\part-1.jpg,paintings-2025\tree-spirit\preview\part-1.webp,4911,6589,17545.93,1491,2000,215.84,98.77,SKIPPED_UP_TO_DATE
paintings-2025\tree-spirit\part-2.jpg,paintings-2025\tree-spirit\preview\part-2.webp,4122,5347,10799.77,1542,2000,778.37,92.79,SKIPPED_UP_TO_DATE
paintings-2025\tree-spirit\part-3.jpg,paintings-2025\tree-spirit\preview\part-3.webp,4793,6130,11997.6,1564,2000,411.19,96.57,SKIPPED_UP_TO_DATE
workshops-2026\covers\weishan-memory-collage-workshop.png,workshops-2026\covers\preview\weishan-memory-collage-workshop.webp,836,625,861.45,836,625,82.59,90.41,SKIPPED_UP_TO_DATE
workshops-2026\weishan-memory-collage-workshop\main-1.png,workshops-2026\weishan-memory-collage-workshop\preview\main-1.webp,836,625,861.45,836,625,82.59,90.41,SKIPPED_UP_TO_DATE
workshops-2025\covers\the-memory-ritual-of-leaves-and-trees.jpg,workshops-2025\covers\preview\the-memory-ritual-of-leaves-and-trees.webp,3512,3512,3054.46,2000,2000,300.78,90.15,SKIPPED_UP_TO_DATE
paintings-2025\wildmans-paradise\main-1.jpg,paintings-2025\wildmans-paradise\preview\main-1.webp,1304,1656,1416.57,945,1200,188.77,86.67,SKIPPED_UP_TO_DATE
workshops-2026\weishan-memory-collage-workshop\part-1.jpg,workshops-2026\weishan-memory-collage-workshop\preview\part-1.webp,1667,2386,1039.45,838,1200,95.23,90.84,SKIPPED_UP_TO_DATE
workshops-2026\weishan-memory-collage-workshop\part-3.jpg,workshops-2026\weishan-memory-collage-workshop\preview\part-3.webp,2688,3651,1420.04,1472,2000,308.85,78.25,SKIPPED_UP_TO_DATE
workshops-2026\weishan-memory-collage-workshop\part-2.jpg,workshops-2026\weishan-memory-collage-workshop\preview\part-2.webp,2748,3929,1325.45,1399,2000,222.71,83.2,SKIPPED_UP_TO_DATE
workshops-2026\weishan-memory-collage-workshop\part-4.jpg,workshops-2026\weishan-memory-collage-workshop\preview\part-4.webp,3721,2460,1510.39,2000,1322,172.11,88.61,SKIPPED_UP_TO_DATE
workshops-2026\weishan-memory-collage-workshop\part-5.jpg,workshops-2026\weishan-memory-collage-workshop\preview\part-5.webp,3156,2188,1335.93,1600,1109,140.88,89.45,SKIPPED_UP_TO_DATE
workshops-2026\weishan-memory-collage-workshop\part-6.jpg,workshops-2026\weishan-memory-collage-workshop\preview\part-6.webp,3690,2520,1333.98,2000,1366,117.93,91.16,SKIPPED_UP_TO_DATE
workshops-2026\weishan-memory-collage-workshop\part-7.jpg,workshops-2026\weishan-memory-collage-workshop\preview\part-7.webp,3816,2554,1379.13,2000,1339,114.59,91.69,SKIPPED_UP_TO_DATE
workshops-2026\weishan-memory-collage-workshop\part-8.jpg,workshops-2026\weishan-memory-collage-workshop\preview\part-8.webp,3805,2535,1146,2000,1332,196.98,82.81,SKIPPED_UP_TO_DATE
workshops-2025\the-memory-ritual-of-leaves-and-trees\part-1.jpg,workshops-2025\the-memory-ritual-of-leaves-and-trees\preview\part-1.webp,6240,3512,8703.43,2000,1126,28.85,99.67,SKIPPED_UP_TO_DATE
workshops-2025\the-memory-ritual-of-leaves-and-trees\main-1.jpg,workshops-2025\the-memory-ritual-of-leaves-and-trees\preview\main-1.webp,3512,3512,3054.46,2000,2000,300.78,90.15,SKIPPED_UP_TO_DATE
workshops-2025\the-memory-ritual-of-leaves-and-trees\part-10.jpg,workshops-2025\the-memory-ritual-of-leaves-and-trees\preview\part-10.webp,2560,3840,581.04,1333,2000,99.57,82.86,SKIPPED_UP_TO_DATE
workshops-2025\the-memory-ritual-of-leaves-and-trees\part-11.jpg,workshops-2025\the-memory-ritual-of-leaves-and-trees\preview\part-11.webp,1279,1706,284.67,900,1200,116.04,59.24,SKIPPED_UP_TO_DATE
workshops-2025\the-memory-ritual-of-leaves-and-trees\part-2.jpg,workshops-2025\the-memory-ritual-of-leaves-and-trees\preview\part-2.webp,1280,1707,164.67,900,1200,56.65,65.6,SKIPPED_UP_TO_DATE
workshops-2025\the-memory-ritual-of-leaves-and-trees\part-3.jpg,workshops-2025\the-memory-ritual-of-leaves-and-trees\preview\part-3.webp,1280,1707,133.1,900,1200,43.15,67.58,SKIPPED_UP_TO_DATE
workshops-2025\the-memory-ritual-of-leaves-and-trees\part-5.jpg,workshops-2025\the-memory-ritual-of-leaves-and-trees\preview\part-5.webp,1280,1707,172,900,1200,53.22,69.06,SKIPPED_UP_TO_DATE
workshops-2025\the-memory-ritual-of-leaves-and-trees\part-7.jpg,workshops-2025\the-memory-ritual-of-leaves-and-trees\preview\part-7.webp,1280,1707,213.37,900,1200,81.38,61.86,SKIPPED_UP_TO_DATE
workshops-2025\the-memory-ritual-of-leaves-and-trees\part-6.jpg,workshops-2025\the-memory-ritual-of-leaves-and-trees\preview\part-6.webp,1280,1707,132.69,900,1200,31.61,76.18,SKIPPED_UP_TO_DATE
workshops-2025\the-memory-ritual-of-leaves-and-trees\part-8.jpg,workshops-2025\the-memory-ritual-of-leaves-and-trees\preview\part-8.webp,1279,1706,202.56,900,1200,71.32,64.79,SKIPPED_UP_TO_DATE
installations-2025\memory-nearby\huzhou-version\main-1.jpg,installations-2025\memory-nearby\huzhou-version\preview\main-1.webp,1280,1707,228.89,900,1200,89.7,60.81,SKIPPED_UP_TO_DATE
installations-2025\memory-nearby\huzhou-version\part-1.jpg,installations-2025\memory-nearby\huzhou-version\preview\part-1.webp,6240,3512,8590.81,2000,1126,33.84,99.61,SKIPPED_UP_TO_DATE
installations-2025\memory-nearby\huzhou-version\part-2.jpg,installations-2025\memory-nearby\huzhou-version\preview\part-2.webp,6240,3512,9295.66,2000,1126,61.29,99.34,SKIPPED_UP_TO_DATE
workshops-2025\the-memory-ritual-of-leaves-and-trees\part-9.jpg,workshops-2025\the-memory-ritual-of-leaves-and-trees\preview\part-9.webp,2435,3247,1810.5,1500,2000,173.86,90.4,SKIPPED_UP_TO_DATE
installations-2025\memory-nearby\huzhou-version\part-4.jpg,installations-2025\memory-nearby\huzhou-version\preview\part-4.webp,1280,1707,195.26,900,1200,71.84,63.21,SKIPPED_UP_TO_DATE
installations-2025\memory-nearby\huzhou-version\part-3.jpg,installations-2025\memory-nearby\huzhou-version\preview\part-3.webp,4032,3024,5775.86,2000,1500,236.51,95.91,SKIPPED_UP_TO_DATE
workshops-2025\the-memory-ritual-of-leaves-and-trees\part-4.jpg,workshops-2025\the-memory-ritual-of-leaves-and-trees\preview\part-4.webp,3024,4032,2430.43,1500,2000,152.24,93.74,SKIPPED_UP_TO_DATE
installations-2025\memory-nearby\chengdu-version\main-1.jpg,installations-2025\memory-nearby\chengdu-version\preview\main-1.webp,4032,3024,2611.75,2000,1500,260.36,90.03,SKIPPED_UP_TO_DATE
installations-2025\memory-nearby\chengdu-version\part-1.jpg,installations-2025\memory-nearby\chengdu-version\preview\part-1.webp,3024,4032,1970.63,1500,2000,129.06,93.45,SKIPPED_UP_TO_DATE
installations-2025\memory-nearby\chengdu-version\part-2.jpg,installations-2025\memory-nearby\chengdu-version\preview\part-2.webp,3024,4032,3304.91,1500,2000,226.06,93.16,SKIPPED_UP_TO_DATE
installations-2025\memory-nearby\chengdu-version\part-3.jpg,installations-2025\memory-nearby\chengdu-version\preview\part-3.webp,3024,4032,3565.06,1500,2000,469.99,86.82,SKIPPED_UP_TO_DATE
installations-2025\memory-nearby\chengdu-version\part-4.jpg,installations-2025\memory-nearby\chengdu-version\preview\part-4.webp,3024,4032,3258.63,1500,2000,377.92,88.4,SKIPPED_UP_TO_DATE
